
-- Seed 1 station
INSERT INTO stations (id, created_by, name, address, city) VALUES
  ('90000000-0000-0000-0000-000000000001', 'fdc115d7-a723-44cd-9c9e-d1bd744ff4ee', 'Seeded Station', '123 Main Street', 'SeedCity');

-- Seed 2 pumps
INSERT INTO pumps (id, station_id, label) VALUES
  ('90000000-0000-0000-0000-000000000101', '90000000-0000-0000-0000-000000000001', 'Seed Pump 1'),
  ('90000000-0000-0000-0000-000000000102', '90000000-0000-0000-0000-000000000001', 'Seed Pump 2');

-- Seed 4 nozzles (2 per pump)
INSERT INTO nozzles (id, pump_id, label, fuel_type) VALUES
  ('90000000-0000-0000-0000-000000000201', '90000000-0000-0000-0000-000000000101', 'Pump1 Nozzle1', 'petrol'),
  ('90000000-0000-0000-0000-000000000202', '90000000-0000-0000-0000-000000000101', 'Pump1 Nozzle2', 'diesel'),
  ('90000000-0000-0000-0000-000000000203', '90000000-0000-0000-0000-000000000102', 'Pump2 Nozzle1', 'petrol'),
  ('90000000-0000-0000-0000-000000000204', '90000000-0000-0000-0000-000000000102', 'Pump2 Nozzle2', 'diesel');

-- Seed manual_readings for each nozzle for 10 days
-- We'll increment the cumulative_volume by 10 for petrol, 15 for diesel each day for realism

-- Nozzle 201 (Pump1 Nozzle1, petrol)
INSERT INTO manual_readings(id, station_id, nozzle_id, cumulative_volume, recorded_at) VALUES
  ('91000000-0000-0000-0000-000000002011', '90000000-0000-0000-0000-000000000001', '90000000-0000-0000-0000-000000000201', 110, NOW() - INTERVAL '9 days'),
  ('91000000-0000-0000-0000-000000002012', '90000000-0000-0000-0000-000000000001', '90000000-0000-0000-0000-000000000201', 120, NOW() - INTERVAL '8 days'),
  ('91000000-0000-0000-0000-000000002013', '90000000-0000-0000-0000-000000000001', '90000000-0000-0000-0000-000000000201', 130, NOW() - INTERVAL '7 days'),
  ('91000000-0000-0000-0000-000000002014', '90000000-0000-0000-0000-000000000001', '90000000-0000-0000-0000-000000000201', 140, NOW() - INTERVAL '6 days'),
  ('91000000-0000-0000-0000-000000002015', '90000000-0000-0000-0000-000000000001', '90000000-0000-0000-0000-000000000201', 150, NOW() - INTERVAL '5 days'),
  ('91000000-0000-0000-0000-000000002016', '90000000-0000-0000-0000-000000000001', '90000000-0000-0000-0000-000000000201', 160, NOW() - INTERVAL '4 days'),
  ('91000000-0000-0000-0000-000000002017', '90000000-0000-0000-0000-000000000001', '90000000-0000-0000-0000-000000000201', 170, NOW() - INTERVAL '3 days'),
  ('91000000-0000-0000-0000-000000002018', '90000000-0000-0000-0000-000000000001', '90000000-0000-0000-0000-000000000201', 180, NOW() - INTERVAL '2 days'),
  ('91000000-0000-0000-0000-000000002019', '90000000-0000-0000-0000-000000000001', '90000000-0000-0000-0000-000000000201', 190, NOW() - INTERVAL '1 day'),
  ('91000000-0000-0000-0000-00000000201A', '90000000-0000-0000-0000-000000000001', '90000000-0000-0000-0000-000000000201', 200, NOW());

-- Nozzle 202 (Pump1 Nozzle2, diesel)
INSERT INTO manual_readings(id, station_id, nozzle_id, cumulative_volume, recorded_at) VALUES
  ('91000000-0000-0000-0000-000000002021', '90000000-0000-0000-0000-000000000001', '90000000-0000-0000-0000-000000000202', 215, NOW() - INTERVAL '9 days'),
  ('91000000-0000-0000-0000-000000002022', '90000000-0000-0000-0000-000000000001', '90000000-0000-0000-0000-000000000202', 230, NOW() - INTERVAL '8 days'),
  ('91000000-0000-0000-0000-000000002023', '90000000-0000-0000-0000-000000000001', '90000000-0000-0000-0000-000000000202', 245, NOW() - INTERVAL '7 days'),
  ('91000000-0000-0000-0000-000000002024', '90000000-0000-0000-0000-000000000001', '90000000-0000-0000-0000-000000000202', 260, NOW() - INTERVAL '6 days'),
  ('91000000-0000-0000-0000-000000002025', '90000000-0000-0000-0000-000000000001', '90000000-0000-0000-0000-000000000202', 275, NOW() - INTERVAL '5 days'),
  ('91000000-0000-0000-0000-000000002026', '90000000-0000-0000-0000-000000000001', '90000000-0000-0000-0000-000000000202', 290, NOW() - INTERVAL '4 days'),
  ('91000000-0000-0000-0000-000000002027', '90000000-0000-0000-0000-000000000001', '90000000-0000-0000-0000-000000000202', 305, NOW() - INTERVAL '3 days'),
  ('91000000-0000-0000-0000-000000002028', '90000000-0000-0000-0000-000000000001', '90000000-0000-0000-0000-000000000202', 320, NOW() - INTERVAL '2 days'),
  ('91000000-0000-0000-0000-000000002029', '90000000-0000-0000-0000-000000000001', '90000000-0000-0000-0000-000000000202', 335, NOW() - INTERVAL '1 day'),
  ('91000000-0000-0000-0000-00000000202A', '90000000-0000-0000-0000-000000000001', '90000000-0000-0000-0000-000000000202', 350, NOW());

-- Nozzle 203 (Pump2 Nozzle1, petrol)
INSERT INTO manual_readings(id, station_id, nozzle_id, cumulative_volume, recorded_at) VALUES
  ('91000000-0000-0000-0000-000000002031', '90000000-0000-0000-0000-000000000001', '90000000-0000-0000-0000-000000000203', 310, NOW() - INTERVAL '9 days'),
  ('91000000-0000-0000-0000-000000002032', '90000000-0000-0000-0000-000000000001', '90000000-0000-0000-0000-000000000203', 320, NOW() - INTERVAL '8 days'),
  ('91000000-0000-0000-0000-000000002033', '90000000-0000-0000-0000-000000000001', '90000000-0000-0000-0000-000000000203', 330, NOW() - INTERVAL '7 days'),
  ('91000000-0000-0000-0000-000000002034', '90000000-0000-0000-0000-000000000001', '90000000-0000-0000-0000-000000000203', 340, NOW() - INTERVAL '6 days'),
  ('91000000-0000-0000-0000-000000002035', '90000000-0000-0000-0000-000000000001', '90000000-0000-0000-0000-000000000203', 350, NOW() - INTERVAL '5 days'),
  ('91000000-0000-0000-0000-000000002036', '90000000-0000-0000-0000-000000000001', '90000000-0000-0000-0000-000000000203', 360, NOW() - INTERVAL '4 days'),
  ('91000000-0000-0000-0000-000000002037', '90000000-0000-0000-0000-000000000001', '90000000-0000-0000-0000-000000000203', 370, NOW() - INTERVAL '3 days'),
  ('91000000-0000-0000-0000-000000002038', '90000000-0000-0000-0000-000000000001', '90000000-0000-0000-0000-000000000203', 380, NOW() - INTERVAL '2 days'),
  ('91000000-0000-0000-0000-000000002039', '90000000-0000-0000-0000-000000000001', '90000000-0000-0000-0000-000000000203', 390, NOW() - INTERVAL '1 day'),
  ('91000000-0000-0000-0000-00000000203A', '90000000-0000-0000-0000-000000000001', '90000000-0000-0000-0000-000000000203', 400, NOW());

-- Nozzle 204 (Pump2 Nozzle2, diesel)
INSERT INTO manual_readings(id, station_id, nozzle_id, cumulative_volume, recorded_at) VALUES
  ('91000000-0000-0000-0000-000000002041', '90000000-0000-0000-0000-000000000001', '90000000-0000-0000-0000-000000000204', 415, NOW() - INTERVAL '9 days'),
  ('91000000-0000-0000-0000-000000002042', '90000000-0000-0000-0000-000000000001', '90000000-0000-0000-0000-000000000204', 430, NOW() - INTERVAL '8 days'),
  ('91000000-0000-0000-0000-000000002043', '90000000-0000-0000-0000-000000000001', '90000000-0000-0000-0000-000000000204', 445, NOW() - INTERVAL '7 days'),
  ('91000000-0000-0000-0000-000000002044', '90000000-0000-0000-0000-000000000001', '90000000-0000-0000-0000-000000000204', 460, NOW() - INTERVAL '6 days'),
  ('91000000-0000-0000-0000-000000002045', '90000000-0000-0000-0000-000000000001', '90000000-0000-0000-0000-000000000204', 475, NOW() - INTERVAL '5 days'),
  ('91000000-0000-0000-0000-000000002046', '90000000-0000-0000-0000-000000000001', '90000000-0000-0000-0000-000000000204', 490, NOW() - INTERVAL '4 days'),
  ('91000000-0000-0000-0000-000000002047', '90000000-0000-0000-0000-000000000001', '90000000-0000-0000-0000-000000000204', 505, NOW() - INTERVAL '3 days'),
  ('91000000-0000-0000-0000-000000002048', '90000000-0000-0000-0000-000000000001', '90000000-0000-0000-0000-000000000204', 520, NOW() - INTERVAL '2 days'),
  ('91000000-0000-0000-0000-000000002049', '90000000-0000-0000-0000-000000000001', '90000000-0000-0000-0000-000000000204', 535, NOW() - INTERVAL '1 day'),
  ('91000000-0000-0000-0000-00000000204A', '90000000-0000-0000-0000-000000000001', '90000000-0000-0000-0000-000000000204', 550, NOW());
